comment,sentiment_score
"Absolutely fantastic content, really enjoyed watching this.",0.7859191912613974
"Terrible quality, poorly made.",-0.9838609079819101
"Absolutely fantastic content, really enjoyed watching this.",0.3960660237596781
"Alright, but not amazing.",-0.07398104734884503
"Excellent work, this made my day better.",0.7505563399687412
"Decent content, not bad.",0.17049446956937708
"Worst video ever, completely boring.",-0.8950065080441532
"Pathetic attempt, really bad.",-0.7599013620496051
Wonderful video! Great job on this.,0.5448971963155844
"Superb content, really well done.",0.3360899167641293
"It's fine, could be improved.",-0.1093559481148905
"It's watchable, I guess.",0.2829646042493084
Genius idea. I can finally do this ‚Äî movie recap,0.0
"Pathetic attempt, really bad.",-0.895767399840611
"Absolutely fantastic content, really enjoyed watching this.",0.4804447848664888
"Bad video, not worth watching.",-0.4365615532068067
"Horrible quality, very disappointing.",-0.8539014494252464
Wonderful video! Great job on this.,0.6267685462376671
Thanks for sharing productivity,0.0
"Outstanding quality, keep up the great work.",0.35985375634367966
"Fair enough, could be worse.",0.264830091591762
Wonderful video! Great job on this.,0.6146758780165917
"Superb content, really well done.",0.508009961304376
"Pathetic attempt, really bad.",-0.6573094825536565
"Outstanding quality, keep up the great work.",0.9537537951048405
"Okay video, nothing exciting.",-0.29692704974867995
"Superb content, really well done.",0.7923961200847973
"Worst video ever, completely boring.",-0.9523492337442035
"It's watchable, I guess.",-0.18733474640453582
"Excellent work, this made my day better.",0.3931884922653909
"Alright, but not amazing.",-0.15687592815759732
Awesome video! This is so good.,0.6497615279398399
"Okay video, nothing exciting.",-0.17770819293123896
Disgusting and annoying content.,-0.37244607562405085
Boring car mod ü§î,-1.0
Not bad home decor,-1.0
"Beautiful and inspiring, thank you for sharing.",0.43364204206796136
"Worst video ever, completely boring.",-0.8985321442069223
Misleading mindfulness,0.0
"Worst video ever, completely boring.",-0.3952998509044283
"Terrible quality, poorly made.",-0.376905167853829
"Absolutely fantastic content, really enjoyed watching this.",0.31903602901495043
"Worst video ever, completely boring.",-0.9274809607266353
"Beautiful and inspiring, thank you for sharing.",0.8663720154736672
"Stupid video, makes no sense.",-0.8548127704245767
"Normal content, pretty typical.",-0.19915550732448128
"Normal content, pretty typical.",0.03660683226560357
"Alright, but not amazing.",0.11731996419411506
"Average video, seen better.",0.1451777266357946
Wonderful video! Great job on this.,0.9037414142279567
Perfect! Exactly what I was looking for.,0.6279790692535347
Kinda useful. somewhat useful for language lesson,0.0
"Useless content, very disappointing.",-0.9889525028474073
Awesome video! This is so good.,0.39364483083359103
"Absolutely fantastic content, really enjoyed watching this.",0.6862607759260677
"Standard video, nothing new.",-0.13612143701421275
"Horrible quality, very disappointing.",-0.8227956663569529
"Decent content, not bad.",-0.1075423847241678
"Superb content, really well done.",0.35924753769847706
"Stupid video, makes no sense.",-0.7650663536454703
Solid advice. I can finally do this ‚Äî photography üòÇ,0.0
"Excellent work, this made my day better.",0.7148706709991878
"Decent content, not bad.",0.04531922567186314
"Superb content, really well done.",0.8037031369153811
Wonderful video! Great job on this.,0.34622332635866176
"Standard video, nothing new.",-0.1131545232192594
"Decent content, not bad.",-0.007192502358757902
This is amazing! I love it so much.,0.745195569532164
"Terrible quality, poorly made.",-0.9529843182220925
"Absolutely fantastic content, really enjoyed watching this.",0.39969624302630247
Disgusting and annoying content.,-0.5525371935034822
Awesome video! This is so good.,0.32924598925364
Disgusting and annoying content.,-0.9210908513613296
Disgusting and annoying content.,-0.7177254441502243
"Stupid video, makes no sense.",-0.5984229112506501
"Horrible quality, very disappointing.",-0.7715180355706777
"Okay video, nothing exciting.",0.24911303980297433
"This is okay, nothing special.",0.098344551515538
This is amazing! I love it so much.,0.30185156670048613
"This is okay, nothing special.",-0.2108598994647773
"Standard video, nothing new.",0.09996199492418234
"Standard video, nothing new.",-0.1376090616009824
Perfect! Exactly what I was looking for.,0.8725293904731188
Genius idea! Love the dog video,1.0
"Average video, seen better.",0.2407157444436125
Awesome video! This is so good.,0.4069422512260165
Not bad. somewhat useful for movie recap üê∂,-1.0
Perfect! Exactly what I was looking for.,0.9314891367517457
This is amazing! I love it so much.,0.42581671225883305
"Excellent work, this made my day better.",0.601902104121615
This is brilliant! Love the creativity.,0.9481244862247273
"Excellent work, this made my day better.",0.5869836587227069
"This is okay, nothing special.",0.16737189594771845
"Superb content, really well done.",0.7401443720505787
Awesome video! This is so good.,0.8888247764412567
"Normal content, pretty typical.",-0.21571041481717476
"Fair enough, could be worse.",0.08417867016861647
Confusing. Still confused ‚Äî basketball highlight üî•,0.0
"Awful content, waste of time.",-0.897972434377224
"This is terrible, I hate it.",-0.7129797821404213
"Standard video, nothing new.",0.2804402867375621
"Beautiful and inspiring, thank you for sharing.",0.6197381150282524
"Normal content, pretty typical.",0.1471305556624256
"Terrible quality, poorly made.",-0.6400881199522066
"This is okay, nothing special.",0.11080879329790982
Wonderful video! Great job on this.,0.5389702563667801
"Okay video, nothing exciting.",-0.12891623877828584
"Awful content, waste of time.",-0.4459808937755084
"Worst video ever, completely boring.",-0.669139601304847
"It's watchable, I guess.",0.299138907370981
Perfect! Exactly what I was looking for.,0.5578589664689757
Decent car mod üëè,0.0
Awesome video! This is so good.,0.8480641984142945
"Terrible quality, poorly made.",-0.7905996152951476
"This is okay, nothing special.",0.08418739821342675
Wonderful video! Great job on this.,0.3891808973298075
"Outstanding quality, keep up the great work.",0.9772026224990118
"Okay video, nothing exciting.",-0.013043865742385807
"Alright, but not amazing.",-0.2760913378803645
This is brilliant! Love the creativity.,0.7893460170057456
"Stupid video, makes no sense.",-0.3775996731436335
This is amazing! I love it so much.,0.5791925419350078
"Pathetic attempt, really bad.",-0.5700624651050074
"Fair enough, could be worse.",0.22013727064512872
"Awful content, waste of time.",-0.8562305003121742
"Useless content, very disappointing.",-0.8320298873348237
"This is okay, nothing special.",0.11051138065849275
Perfect! Exactly what I was looking for.,0.7071670487565944
"This is terrible, I hate it.",-0.9445580347033231
"Useless content, very disappointing.",-0.7122875337914026
"Pathetic attempt, really bad.",-0.8006360110513379
"Absolutely fantastic content, really enjoyed watching this.",0.7633621466397342
Could be better garden tour üê±,0.0
This is brilliant! Love the creativity.,0.8762952417334173
"Horrible quality, very disappointing.",-0.43572254560675894
"Stupid video, makes no sense.",-0.5139849453751734
"Terrible quality, poorly made.",-0.6817090825246499
"Beautiful and inspiring, thank you for sharing.",0.45604504213926184
"It's fine, could be improved.",-0.09275983557910608
"Standard video, nothing new.",-0.28845284558322165
"Useless content, very disappointing.",-0.49267191610474415
Super helpful! Love the tutorial üéµ,1.0
Super helpful. Explained so well ‚Äî garden tour üí™,0.0
"Terrible quality, poorly made.",-0.8069744544285118
"This is okay, nothing special.",0.2932120797281616
Wonderful video! Great job on this.,0.7987875239125186
"Excellent work, this made my day better.",0.6629174893693265
Decent life hack,0.0
Perfect! Exactly what I was looking for.,0.5431385848127652
This is amazing! I love it so much.,0.894648282620456
Interesting travel hack üòç,0.0
"Decent content, not bad.",0.24263390077724495
"Excellent work, this made my day better.",0.40880702417038683
"Worst video ever, completely boring.",-0.3205678881771511
"Decent content, not bad.",-0.1986521199874433
"Alright, but not amazing.",0.19219935866489224
"Pathetic attempt, really bad.",-0.8630066972022943
"It's watchable, I guess.",0.12851942051866794
This is amazing! I love it so much.,0.6211065690277062
"Awful content, waste of time.",-0.7848949187989772
Wonderful video! Great job on this.,0.4504370443868253
"Absolutely fantastic content, really enjoyed watching this.",0.8066037629511149
"This is okay, nothing special.",-0.21265118236014655
"It's watchable, I guess.",-0.08876956655953741
Awesome video! This is so good.,0.4954493646540178
"Pathetic attempt, really bad.",-0.4138020988189677
"Terrible quality, poorly made.",-0.4678206403193528
"Terrible quality, poorly made.",-0.36000848897266546
I learned a lot. This helped a lot ‚Äî motivation üôå,0.0
This is brilliant! Love the creativity.,0.7786094528955376
"Decent content, not bad.",-0.043299312697204495
"Average video, seen better.",-0.1854796518659388
Perfect! Exactly what I was looking for.,0.6491645223518099
Awesome video! This is so good.,0.5146306170031368
This is brilliant! Love the creativity.,0.9462408881622197
"Awful content, waste of time.",-0.4891422529944832
"This is okay, nothing special.",-0.17872591526367085
"Stupid video, makes no sense.",-0.8409836565971883
"It's fine, could be improved.",-0.06628683792534118
"Excellent work, this made my day better.",0.965503217991023
"This is terrible, I hate it.",-0.4534990483904484
This is brilliant! Love the creativity.,0.9700858821879546
"Horrible quality, very disappointing.",-0.37639611353057134
"Pathetic attempt, really bad.",-0.6387784838202266
Disgusting and annoying content.,-0.44280963170966414
This is amazing! I love it so much.,0.3329479675303064
Low effort gaming clip üëé,0.0
Mixed feelings car mod üß†,0.0
"Useless content, very disappointing.",-0.6396168019191384
"Normal content, pretty typical.",0.06440147884845626
"Beautiful and inspiring, thank you for sharing.",0.5038723331092094
"Alright, but not amazing.",0.135265324529332
"Horrible quality, very disappointing.",-0.8949479604675964
"Okay video, nothing exciting.",-0.15289588652312575
"Standard video, nothing new.",-0.1913911361143319
This is brilliant! Love the creativity.,0.5600221112599332
"Okay video, nothing exciting.",0.2580597520490248
Disgusting and annoying content.,-0.5241223221225544
"Average video, seen better.",0.03152259848410932
"Awful content, waste of time.",-0.654694454659761
"Useless content, very disappointing.",-0.5183342800246828
"Worst video ever, completely boring.",-0.8127781310454144
Disgusting and annoying content.,-0.7081519992115024
Wonderful video! Great job on this.,0.5609833158342226
"Awful content, waste of time.",-0.9385918147821477
"Useless content, very disappointing.",-0.73016475374013
"Absolutely fantastic content, really enjoyed watching this.",0.9706134715895147
"Normal content, pretty typical.",0.19931953157483723
Disgusting and annoying content.,-0.3843785631316914
"Excellent work, this made my day better.",0.8331725900705116
This is amazing! I love it so much.,0.3205810666199744
"Beautiful and inspiring, thank you for sharing.",0.9807339220908216
"This is okay, nothing special.",0.21445095375416595
"Bad video, not worth watching.",-0.929571947723985
"Outstanding quality, keep up the great work.",0.42467022024799483
This is brilliant! Love the creativity.,0.8129998810542121
This is amazing! I love it so much.,0.7071233428082386
"Average video, seen better.",-0.09637298715422582
Disgusting and annoying content.,-0.3574533370523899
"Terrible quality, poorly made.",-0.8067166955654225
"Standard video, nothing new.",0.014755310081936979
"Horrible quality, very disappointing.",-0.49739225970276046
Perfect! Exactly what I was looking for.,0.9353109800761155
I learned a lot. I learned something new ‚Äî resume tips,0.0
"Stupid video, makes no sense.",-0.8928496350387851
"It's fine, could be improved.",0.16902730139856487
"Fair enough, could be worse.",-0.1432197321924229
Perfect! Exactly what I was looking for.,0.7146396718392958
"Horrible quality, very disappointing.",-0.42514374512731357
This is amazing! I love it so much.,0.9448019465868323
"Useless content, very disappointing.",-0.9942818500572441
"Pathetic attempt, really bad.",-0.6068770747617127
Life-changing tip! Love the budget meal üëè,1.0
"Awful content, waste of time.",-0.31835344541133626
"This is okay, nothing special.",-0.16673526989927198
"Stupid video, makes no sense.",-0.6783873349042944
"Average video, seen better.",0.10996519898647472
Perfect! Exactly what I was looking for.,0.8837328024806466
"Outstanding quality, keep up the great work.",0.9866993259816905
"Fair enough, could be worse.",0.24314024940243134
"Awful content, waste of time.",-0.9018806069760494
Disgusting and annoying content.,-0.91333880765741
"Absolutely fantastic content, really enjoyed watching this.",0.6293113892388762
"Fair enough, could be worse.",0.17609884841167162
"This is terrible, I hate it.",-0.5525507193627215
"It's watchable, I guess.",0.20216584842330626
"Okay video, nothing exciting.",-0.25463402942717767
"Terrible quality, poorly made.",-0.3668289923596757
Awesome video! This is so good.,0.7348888433006868
"Alright, but not amazing.",0.25798582651895
"Fair enough, could be worse.",-0.26865570272077083
Wonderful video! Great job on this.,0.5188685888476108
This is brilliant! Love the creativity.,0.9673815634230505
"It's watchable, I guess.",-0.2858482565007273
Awesome video! This is so good.,0.7491349107056633
This is brilliant! Love the creativity.,0.9137664291378185
"Excellent work, this made my day better.",0.7989025877071472
"Worst video ever, completely boring.",-0.5171114601829794
"Bad video, not worth watching.",-0.30350131870811836
"Absolutely fantastic content, really enjoyed watching this.",0.4835646036325521
This is brilliant! Love the creativity.,0.8474731615016255
"Okay video, nothing exciting.",-0.01688913169411116
Okay I guess garden tour üò¥,0.0
"Outstanding quality, keep up the great work.",0.49594172175638984
Perfect! Exactly what I was looking for.,0.6830624051470335
"It's watchable, I guess.",0.22171896798929075
"Outstanding quality, keep up the great work.",0.6387336463532642
I learned a lot. Bookmarked for later ‚Äî photography üò¥,0.0
"Horrible quality, very disappointing.",-0.4458428941055136
"Terrible quality, poorly made.",-0.9071725601931669
"Bad video, not worth watching.",-0.6747330545353567
"Absolutely fantastic content, really enjoyed watching this.",0.7918308942385107
"Stupid video, makes no sense.",-0.4930894554622839
Perfect! Exactly what I was looking for.,0.7245100795975918
"This is okay, nothing special.",-0.292915501041979
Awesome video! This is so good.,0.45027451755010617
"Horrible quality, very disappointing.",-0.8570556457041855
Wonderful video! Great job on this.,0.5116010410653153
This is amazing! I love it so much.,0.5114945587151842
Annoying. Useless ‚Äî budget meal üòÖ,-1.0
"Useless content, very disappointing.",-0.5058124380270606
"This is terrible, I hate it.",-0.7256294460323757
"It's watchable, I guess.",0.23602303680482334
"Bad video, not worth watching.",-0.6519217093051017
"Fair enough, could be worse.",-0.1416898052451414
"This is terrible, I hate it.",-0.5044539504857448
Disgusting and annoying content.,-0.4360385353885248
"Beautiful and inspiring, thank you for sharing.",0.6121297711904694
"Outstanding quality, keep up the great work.",0.7846553931324753
"Fair enough, could be worse.",0.1207088149101902
Disgusting and annoying content.,-0.8612923056181101
"Useless content, very disappointing.",-0.5232000585452466
"Absolutely fantastic content, really enjoyed watching this.",0.9392715536626173
Too slow crypto explainer ‚ú®,0.0
Perfect! Exactly what I was looking for.,0.8843837040950102
"Average video, seen better.",-0.12430930504077492
"Awful content, waste of time.",-0.7134791226297739
"Horrible quality, very disappointing.",-0.7439328141286166
Cute!. I can finally do this ‚Äî gaming clip,1.0
Disgusting and annoying content.,-0.9373733934760574
"Decent content, not bad.",-0.2802347255469753
"Normal content, pretty typical.",-0.06252286833947279
"Excellent work, this made my day better.",0.576719581477545
"Worst video ever, completely boring.",-0.8454319625614557
Awesome video! This is so good.,0.41964652305799854
"Alright, but not amazing.",-0.074108503801013
"Okay video, nothing exciting.",0.08277221368548482
"Worst video ever, completely boring.",-0.5814877704860189
Awesome video! This is so good.,0.4835884091110589
"It's watchable, I guess.",0.2197975783244452
"Superb content, really well done.",0.3940882217261446
"Fair enough, could be worse.",0.1735479269580974
Okay I guess productivity üî•,0.0
Disgusting and annoying content.,-0.5565827956950546
Hmm history fact üôå,0.0
"Absolutely fantastic content, really enjoyed watching this.",0.662608320443687
Genius idea. Clear and useful ‚Äî productivity üòÇ,0.0
"Standard video, nothing new.",0.2707870535607974
"Alright, but not amazing.",0.23733453406555732
"Pathetic attempt, really bad.",-0.7403986656579044
"Beautiful and inspiring, thank you for sharing.",0.363278935112171
"Alright, but not amazing.",-0.13128735710802078
This is brilliant! Love the creativity.,0.7701803313108383
"Okay video, nothing exciting.",0.050576603431868816
"Average video, seen better.",0.2832357680981254
"Terrible quality, poorly made.",-0.47503145595808927
"Normal content, pretty typical.",0.0808679950601075
This is brilliant! Love the creativity.,0.3330167559001419
"Useless content, very disappointing.",-0.9021470850002934
"It's fine, could be improved.",-0.26637156575621496
"Horrible quality, very disappointing.",-0.6507178591612721
"Stupid video, makes no sense.",-0.3768221511599603
Wonderful video! Great job on this.,0.509401026240599
"Fair enough, could be worse.",-0.07276401977770636
Perfect! Exactly what I was looking for.,0.3657321107087006
"Awful content, waste of time.",-0.7525760641654421
"Alright, but not amazing.",-0.01533911274960853
"Worst video ever, completely boring.",-0.7188396196198714
"Absolutely fantastic content, really enjoyed watching this.",0.34569943211078247
Perfect! Exactly what I was looking for.,0.492408044014649
"Superb content, really well done.",0.44079427314174513
Disgusting and annoying content.,-0.6581298622322966
"Superb content, really well done.",0.7917268836572795
Impressive work. I can finally do this ‚Äî productivity üò¨,0.0
Mixed feelings AI demo üëç,0.0
"Absolutely fantastic content, really enjoyed watching this.",0.7411260454975915
"Worst video ever, completely boring.",-0.7097470973461084
Wonderful video! Great job on this.,0.6773061950819037
"Fair enough, could be worse.",-0.1280941729040014
"Outstanding quality, keep up the great work.",0.3623934041025915
Awesome video! This is so good.,0.7583459974141649
Solid advice! Love the history fact üôå,1.0
Interesting coding,0.0
"Fair enough, could be worse.",0.24363780872766277
Clickbait language lesson üò¥,0.0
"Pathetic attempt, really bad.",-0.5328695280634563
"Superb content, really well done.",0.48735876989619203
"Beautiful and inspiring, thank you for sharing.",0.8654456137198232
"Awful content, waste of time.",-0.4771866305548086
"Awful content, waste of time.",-0.9117537969411136
"Fair enough, could be worse.",-0.053452701099841377
"Fair enough, could be worse.",0.19861279374007618
"Standard video, nothing new.",-0.15573797632433525
"This is terrible, I hate it.",-0.9217098115308233
"Pathetic attempt, really bad.",-0.6414650002073319
"Awful content, waste of time.",-0.3233312084108312
"Standard video, nothing new.",0.15586610681129814
"Average video, seen better.",0.2962639187641552
"Worst video ever, completely boring.",-0.8792088370692156
Awesome video! This is so good.,0.5018886784263903
Thanks for sharing. kinda helpful for street food,0.0
Wonderful video! Great job on this.,0.6319393602081957
Perfect! Exactly what I was looking for.,0.4223534470285505
"It's watchable, I guess.",0.29980361417282714
"Useless content, very disappointing.",-0.9095359192597411
"Stupid video, makes no sense.",-0.8085063982281312
"Absolutely fantastic content, really enjoyed watching this.",0.9648410153461384
"Worst video ever, completely boring.",-0.8595581169746556
"Horrible quality, very disappointing.",-0.3852830366078568
Disgusting and annoying content.,-0.3273772095723303
"Okay video, nothing exciting.",-0.10790669631865588
"This is okay, nothing special.",0.047354748966293436
"Standard video, nothing new.",0.08145356497953493
"This is okay, nothing special.",0.06869530848804545
"Worst video ever, completely boring.",-0.8009517687970891
"Superb content, really well done.",0.9206196222454834
"Decent content, not bad.",-0.002967837456688771
"Pathetic attempt, really bad.",-0.7328382056646731
"This is okay, nothing special.",0.11944962790178015
"This is okay, nothing special.",-0.19438825546830027
"Excellent work, this made my day better.",0.6682458234021482
Disgusting and annoying content.,-0.9670651541765952
"This is okay, nothing special.",0.12372179137692924
"Horrible quality, very disappointing.",-0.9148302348511592
"Normal content, pretty typical.",0.08460694038787836
"Excellent work, this made my day better.",0.53290728911204
"It's fine, could be improved.",0.15775514095111254
"Normal content, pretty typical.",-0.2548561485322702
"Pathetic attempt, really bad.",-0.38759620844676446
"Decent content, not bad.",-0.0015246392540204656
"Pathetic attempt, really bad.",-0.8376572278986567
"Useless content, very disappointing.",-0.8123372273689478
"Beautiful and inspiring, thank you for sharing.",0.7172661676234353
"Normal content, pretty typical.",0.006748387234133624
"Fair enough, could be worse.",-0.25627751715167574
Disgusting and annoying content.,-0.6216219311847242
"Useless content, very disappointing.",-0.6437334276099504
"Alright, but not amazing.",-0.07453141677501082
Kinda useful language lesson üî•,0.0
"Bad video, not worth watching.",-0.7484322553697098
"Absolutely fantastic content, really enjoyed watching this.",0.4543695617062536
Awesome video! This is so good.,0.8853107697472895
Genius idea. This helped a lot ‚Äî book review,0.0
"Alright, but not amazing.",-0.13098422897840523
Awesome video! This is so good.,0.3003773166049294
"Okay video, nothing exciting.",0.09522853960102573
This is amazing! I love it so much.,0.6277466314483673
"Horrible quality, very disappointing.",-0.9882406542395276
"Awful content, waste of time.",-0.30079511273104176
This is brilliant! Love the creativity.,0.6441768732115034
"Alright, but not amazing.",-0.03995103847473058
Wonderful video! Great job on this.,0.44530071612233063
Disgusting and annoying content.,-0.45797809670099543
Perfect! Exactly what I was looking for.,0.5196416968260337
"Outstanding quality, keep up the great work.",0.7230189806938434
"Outstanding quality, keep up the great work.",0.6377858129940666
"Average video, seen better.",0.20783443864836787
"Excellent work, this made my day better.",0.7313552479996313
"Horrible quality, very disappointing.",-0.6218767926176071
This is brilliant! Love the creativity.,0.5345698896689992
"This is okay, nothing special.",-0.29764640459606106
"Fair enough, could be worse.",0.11038032836696543
"Alright, but not amazing.",0.2633813731392211
This is brilliant! Love the creativity.,0.8899175202695648
This is amazing! I love it so much.,0.852215248751309
"Worst video ever, completely boring.",-0.6917901531873232
Life-changing tip! Love the gaming clip üòÇ,1.0
"Beautiful and inspiring, thank you for sharing.",0.6782097018372459
"Stupid video, makes no sense.",-0.7439412324153609
"Alright, but not amazing.",0.2930924472343737
"Stupid video, makes no sense.",-0.9402265307458253
"This is terrible, I hate it.",-0.37921632880976575
"Stupid video, makes no sense.",-0.37539820853538897
"Absolutely fantastic content, really enjoyed watching this.",0.9516237518030488
This made my day. This helped a lot ‚Äî product review üëé,0.0
Clickbait cooking fail üò¨,0.0
"Bad video, not worth watching.",-0.9519727418833681
"Superb content, really well done.",0.8813038280034986
"Absolutely fantastic content, really enjoyed watching this.",0.30383421237240094
"Fair enough, could be worse.",0.12664889626196651
"Beautiful and inspiring, thank you for sharing.",0.5257594990624606
"Normal content, pretty typical.",0.17665721717224797
This is brilliant! Love the creativity.,0.6785688125558663
This is amazing! I love it so much.,0.662925325821239
Awesome video! This is so good.,0.31771577051569616
"It's fine, could be improved.",0.2186514312994972
Super helpful. This answered my question ‚Äî nail art ‚ú®,0.0
"Stupid video, makes no sense.",-0.6680794378929457
"This is terrible, I hate it.",-0.7978772049091871
Wonderful video! Great job on this.,0.5065270053688851
"Standard video, nothing new.",-0.16035116818139233
Thanks for sharing. somewhat useful for comedy skit üê∂,0.0
"Normal content, pretty typical.",0.16694439869108102
"Beautiful and inspiring, thank you for sharing.",0.8550971894321238
"Fair enough, could be worse.",0.011417102504257537
"This is okay, nothing special.",0.22925246091180335
"It's fine, could be improved.",-0.23902759243599475
"Beautiful and inspiring, thank you for sharing.",0.6504338270422415
"Standard video, nothing new.",0.10289620105335812
"Absolutely fantastic content, really enjoyed watching this.",0.38866340479696987
This is brilliant! Love the creativity.,0.860686708467209
"Average video, seen better.",0.22304634212050506
"Horrible quality, very disappointing.",-0.7425572961411513
"Bad video, not worth watching.",-0.47320940194749594
"Pathetic attempt, really bad.",-0.4048607775615055
"Bad video, not worth watching.",-0.8183610496411419
Okay I guess resume tips üòç,0.0
"Superb content, really well done.",0.894708737098074
"Beautiful and inspiring, thank you for sharing.",0.6805834265080337
"Excellent work, this made my day better.",0.3690323770962337
"Stupid video, makes no sense.",-0.5239722403777891
"Worst video ever, completely boring.",-0.5355054487251338
"Standard video, nothing new.",-0.001663562509489236
"Outstanding quality, keep up the great work.",0.5627137933098341
"Awful content, waste of time.",-0.9896542017405854
"Normal content, pretty typical.",0.13345419463366437
"Standard video, nothing new.",-0.24563678143377352
"Outstanding quality, keep up the great work.",0.40381242662129424
Confusing science experiment üò¨,0.0
"Beautiful and inspiring, thank you for sharing.",0.4398019906758043
"Awful content, waste of time.",-0.7109665663680736
"Normal content, pretty typical.",-0.10292288402116886
Perfect! Exactly what I was looking for.,0.7451338977105666
I‚Äôll try this resume tips ü§Ø,0.0
"Useless content, very disappointing.",-0.7181822105425465
"Excellent work, this made my day better.",0.803901174907091
"Excellent work, this made my day better.",0.8676448241249979
"This is okay, nothing special.",-0.02800999868423415
"Superb content, really well done.",0.9046094175638972
"Absolutely fantastic content, really enjoyed watching this.",0.3225963590149544
Disgusting and annoying content.,-0.6661779524222559
"Decent content, not bad.",-0.012246562751172085
"Alright, but not amazing.",-0.06665920258272837
"It's watchable, I guess.",0.039720945607371605
Awesome video! This is so good.,0.6445497788683764
Waste of time college vlog üò¨,0.0
"Bad video, not worth watching.",-0.9891594209348618
Wonderful video! Great job on this.,0.7506072635794045
Perfect! Exactly what I was looking for.,0.33855208021813493
"It's fine, could be improved.",0.19751977452253966
"Pathetic attempt, really bad.",-0.9967110663243405
"Beautiful and inspiring, thank you for sharing.",0.4599451458589032
Solid advice. Super useful ‚Äî AI demo üëè,0.0
"Superb content, really well done.",0.3844384347346119
"Excellent work, this made my day better.",0.33341206350362435
"Stupid video, makes no sense.",-0.7755880554872454
"Awful content, waste of time.",-0.5128759453325367
Confusing prank,0.0
"Terrible quality, poorly made.",-0.8267816034923191
"Beautiful and inspiring, thank you for sharing.",0.47144840679655553
"Alright, but not amazing.",0.013331618708013415
Clickbait. Didn‚Äôt learn anything ‚Äî life hack,0.0
Impressive work. This helped a lot ‚Äî parenting tip,0.0
Perfect! Exactly what I was looking for.,0.8505529248747874
"Worst video ever, completely boring.",-0.37539011754538765
"Awful content, waste of time.",-0.6567131459538117
"Superb content, really well done.",0.9747206428597726
"Terrible quality, poorly made.",-0.5947245630462779
"Useless content, very disappointing.",-0.9865933302146698
"Outstanding quality, keep up the great work.",0.9727129100711287
"Worst video ever, completely boring.",-0.39738944172710833
"Average video, seen better.",-0.19626073960719045
"Terrible quality, poorly made.",-0.6475009339478699
Impressive work. I learned something new ‚Äî book review üê±,0.0
Annoying. Didn‚Äôt explain the why ‚Äî photography üî•,-1.0
"Worst video ever, completely boring.",-0.4300836026235655
"This is terrible, I hate it.",-0.8368874475744676
"Outstanding quality, keep up the great work.",0.9609602474211796
"Horrible quality, very disappointing.",-0.31556874220917297
"Bad video, not worth watching.",-0.7664335796735148
"Awful content, waste of time.",-0.511185567546308
Kinda useful. somewhat useful for basketball highlight,0.0
Disgusting and annoying content.,-0.42657195970641537
Wonderful video! Great job on this.,0.9154613630358945
"It's fine, could be improved.",0.2532724261332094
Disgusting and annoying content.,-0.42902923104200363
"Superb content, really well done.",0.7576557434266495
"Awful content, waste of time.",-0.37124666295900244
"Okay video, nothing exciting.",-0.03910322747751532
Disgusting and annoying content.,-0.9329449797901498
"This is terrible, I hate it.",-0.8958941378109744
"Fair enough, could be worse.",-0.1737469741087688
"Absolutely fantastic content, really enjoyed watching this.",0.5609112524492117
"Stupid video, makes no sense.",-0.7075103118730209
Wonderful video! Great job on this.,0.72272147338726
"Terrible quality, poorly made.",-0.33380564094402987
This is brilliant! Love the creativity.,0.52903637326348
Wonderful video! Great job on this.,0.3324127425270706
"Alright, but not amazing.",-0.27533471827705
"Fair enough, could be worse.",-0.11670605616684102
"It's fine, could be improved.",0.19424866011484204
"Horrible quality, very disappointing.",-0.7628556424049939
This is gold! Love the parenting tip,1.0
"Useless content, very disappointing.",-0.5675333176076832
"Superb content, really well done.",0.6478235498864837
"Absolutely fantastic content, really enjoyed watching this.",0.5614008223280883
Awesome video! This is so good.,0.5528715698077623
"Awful content, waste of time.",-0.758570532361601
"Excellent work, this made my day better.",0.8998572952942296
"Excellent work, this made my day better.",0.6342904709104137
"Fair enough, could be worse.",-0.15690142684946015
"Normal content, pretty typical.",0.28202017710301347
Disgusting and annoying content.,-0.3416439762666055
"Worst video ever, completely boring.",-0.4949786683203299
"Superb content, really well done.",0.6010778938211822
"Decent content, not bad.",-0.23799591398503117
"Fair enough, could be worse.",-0.2565523666761634
"Outstanding quality, keep up the great work.",0.9714413741415944
This is amazing! I love it so much.,0.5592155985387341
"Decent content, not bad.",-0.21539534439351854
"It's watchable, I guess.",-0.22821433014252823
"Bad video, not worth watching.",-0.3282129952139118
"Worst video ever, completely boring.",-0.9591223980646993
"Okay video, nothing exciting.",-0.2509914336890901
Awesome video! This is so good.,0.3169976743741972
"Beautiful and inspiring, thank you for sharing.",0.9661946718491228
"Worst video ever, completely boring.",-0.5547037469365644
This is amazing! I love it so much.,0.46318682687878
"Alright, but not amazing.",0.11847162311940906
"Excellent work, this made my day better.",0.7765371137329908
"Superb content, really well done.",0.9751272690527912
"It's watchable, I guess.",0.003143800555818088
"Okay video, nothing exciting.",-0.17128990765919305
"Average video, seen better.",-0.018561891981537793
This is amazing! I love it so much.,0.7616903332294052
Perfect! Exactly what I was looking for.,0.8286489808251156
Awesome video! This is so good.,0.5176265909471125
"Alright, but not amazing.",-0.24833562272447957
"It's fine, could be improved.",0.17400170201546344
This is amazing! I love it so much.,0.5066724204284708
This is amazing! I love it so much.,0.9740588398477736
"Awful content, waste of time.",-0.5558506898025063
"Alright, but not amazing.",0.22930570304470937
"Outstanding quality, keep up the great work.",0.5660039013575359
This is brilliant! Love the creativity.,0.6531154727674928
Cringe. Still confused ‚Äî home decor,0.0
This is amazing! I love it so much.,0.30165746562313384
This is amazing! I love it so much.,0.7817793398937739
"It's watchable, I guess.",-0.12313147531397561
This is brilliant! Love the creativity.,0.721905822836046
"Standard video, nothing new.",0.22267917743109528
"This is okay, nothing special.",0.10428446131179397
"Useless content, very disappointing.",-0.43662139982074855
"Fair enough, could be worse.",0.20707382694034265
"This is okay, nothing special.",-0.1539791101324711
"Alright, but not amazing.",0.14846609333667604
"This is terrible, I hate it.",-0.9389866633115784
"It's watchable, I guess.",-0.11712141013092758
Not helpful. Didn‚Äôt help ‚Äî life hack,0.0
"Worst video ever, completely boring.",-0.5702029718500925
Awesome video! This is so good.,0.8794602375887088
"Standard video, nothing new.",-0.1706160865846091
"Alright, but not amazing.",-0.11571689702164212
"Pathetic attempt, really bad.",-0.8384383407185243
"Average video, seen better.",-0.2928675600683453
Boring. Not helpful at all ‚Äî dog video,-1.0
Disgusting and annoying content.,-0.7829464187069572
Disgusting and annoying content.,-0.426935931556782
"Decent content, not bad.",0.13677300009948185
"This is terrible, I hate it.",-0.7061780522740211
"Decent content, not bad.",0.09887223348431934
"Worst video ever, completely boring.",-0.4911948537082187
"Terrible quality, poorly made.",-0.6943630224597307
This is brilliant! Love the creativity.,0.8310779075824213
"Standard video, nothing new.",0.18149580255403314
"Bad video, not worth watching.",-0.40085677068687964
"Standard video, nothing new.",-0.0833720176635615
Inspiring. Taking notes ‚Äî art timelapse üëé,0.0
This is brilliant! Love the creativity.,0.48470405289668395
"Bad video, not worth watching.",-0.4947272572462118
Confusing. Didn‚Äôt explain the why ‚Äî workout üç≥,0.0
"Awful content, waste of time.",-0.5958544763464779
"It's watchable, I guess.",0.05630008696109867
"This is okay, nothing special.",-0.14404132184220114
"Useless content, very disappointing.",-0.5402202656891646
"This is terrible, I hate it.",-0.6258759628897032
"Worst video ever, completely boring.",-0.8344915693682685
This is brilliant! Love the creativity.,0.4741149351256291
"Alright, but not amazing.",-0.266831911794265
"Okay video, nothing exciting.",-0.052026409354164194
Disgusting and annoying content.,-0.4206263574305542
"Awful content, waste of time.",-0.4317992174343436
"Alright, but not amazing.",0.21737491873783893
This is amazing! I love it so much.,0.6473363414291247
"Beautiful and inspiring, thank you for sharing.",0.590493257073923
"Excellent work, this made my day better.",0.38510743089310784
"Alright, but not amazing.",-0.28397635245948866
"Superb content, really well done.",0.4993126123625466
"Pathetic attempt, really bad.",-0.38388368351064717
"Terrible quality, poorly made.",-0.6932760144911896
"Fair enough, could be worse.",-0.2963560721363059
"Superb content, really well done.",0.4143264803748671
"It's fine, could be improved.",0.12422252345201945
"Superb content, really well done.",0.981453980585977
"Outstanding quality, keep up the great work.",0.9845770965202798
"Normal content, pretty typical.",-0.1137110787094896
"Beautiful and inspiring, thank you for sharing.",0.8035048099868989
"Bad video, not worth watching.",-0.7067654336434384
"Absolutely fantastic content, really enjoyed watching this.",0.822852116048792
This is brilliant! Love the creativity.,0.9922846714589078
"Fair enough, could be worse.",0.03595900422519538
"Superb content, really well done.",0.5159846984124743
Perfect! Exactly what I was looking for.,0.5910544333492032
"Excellent work, this made my day better.",0.928680349893404
"It's watchable, I guess.",-0.08468645708162145
Boring workout,-1.0
Loved this! Love the mindfulness,1.0
"This is terrible, I hate it.",-0.6845110518802696
"Superb content, really well done.",0.6756528252196
"Excellent work, this made my day better.",0.47371117081430447
"Superb content, really well done.",0.622879597728563
"Average video, seen better.",-0.2515443753692521
This is brilliant! Love the creativity.,0.5284117323036047
Wonderful video! Great job on this.,0.7323399100674645
"Normal content, pretty typical.",-0.19132794115454585
"Standard video, nothing new.",0.17082495916405166
"Superb content, really well done.",0.7473214875249663
"Useless content, very disappointing.",-0.922471922364477
"This is terrible, I hate it.",-0.6699668224942463
Perfect! Exactly what I was looking for.,0.530856235791373
Boring cooking fail üéµ,-1.0
Crystal clear. This helped a lot ‚Äî product review,0.0
"Normal content, pretty typical.",0.06601478774672392
"Normal content, pretty typical.",0.13157082482823057
"Stupid video, makes no sense.",-0.45388470078708154
"Normal content, pretty typical.",0.18335875394900208
"Bad video, not worth watching.",-0.7060677477441905
Awesome video! This is so good.,0.8863639047991783
"It's watchable, I guess.",-0.2363849088855829
"Horrible quality, very disappointing.",-0.6626662554633795
"Excellent work, this made my day better.",0.7288635653055571
"Absolutely fantastic content, really enjoyed watching this.",0.9004471545404893
"Useless content, very disappointing.",-0.975397864018951
"This is okay, nothing special.",-0.19263667626996184
"Absolutely fantastic content, really enjoyed watching this.",0.9682395774663588
Perfect! Exactly what I was looking for.,0.7039171381323337
"Normal content, pretty typical.",0.06714153669658013
Awesome video! This is so good.,0.8006974171281287
"Normal content, pretty typical.",-0.015132053719290828
This is amazing! I love it so much.,0.714348653959376
"Outstanding quality, keep up the great work.",0.6373936200037323
"Normal content, pretty typical.",0.2837582294083654
"It's watchable, I guess.",0.28729451395615985
"Standard video, nothing new.",-0.162632449824168
"Outstanding quality, keep up the great work.",0.6867428832539129
Awesome video! This is so good.,0.571207480018167
"Excellent work, this made my day better.",0.5877729669206329
"Okay video, nothing exciting.",-0.2463348505256816
"It's watchable, I guess.",0.29562805829283595
"Standard video, nothing new.",-0.01540246084401048
Awesome video! This is so good.,0.6697221521325345
This is brilliant! Love the creativity.,0.4710731959012754
"Horrible quality, very disappointing.",-0.45407165339276134
"Absolutely fantastic content, really enjoyed watching this.",0.31998059959574415
"Bad video, not worth watching.",-0.7248614978270624
"It's fine, could be improved.",0.2592129784330623
"Awful content, waste of time.",-0.9411415268840969
"Pathetic attempt, really bad.",-0.8966261017022097
"Worst video ever, completely boring.",-0.5279902988364737
"Beautiful and inspiring, thank you for sharing.",0.933769972110208
"Useless content, very disappointing.",-0.8254652177617849
"Terrible quality, poorly made.",-0.540332032801191
Low effort crypto explainer ü§î,0.0
"Okay video, nothing exciting.",-0.07659363349055978
"Beautiful and inspiring, thank you for sharing.",0.9541638203279814
Awesome video! This is so good.,0.4763648702348986
"Average video, seen better.",-0.022372007901145963
"It's fine, could be improved.",0.03260753452190018
"Superb content, really well done.",0.408811094687685
"Stupid video, makes no sense.",-0.9918372568706336
This is amazing! I love it so much.,0.9721993200398871
"Worst video ever, completely boring.",-0.4885643108742753
"Fair enough, could be worse.",-0.22012058570266596
Terrible explanation. No real tips ‚Äî dance üòÖ,-1.0
"Terrible quality, poorly made.",-0.8648138937664822
"It's fine, could be improved.",0.032321802124637866
"Useless content, very disappointing.",-0.5830127692532849
"Okay video, nothing exciting.",-0.17389078901695545
Disgusting and annoying content.,-0.7529713940654494
Awesome video! This is so good.,0.5321463650447921
"Worst video ever, completely boring.",-0.5300666405503056
"This is okay, nothing special.",-0.05706901114883689
"Decent content, not bad.",-0.10408970349502109
"Alright, but not amazing.",-0.20638297187378804
"It's fine, could be improved.",-0.14825176826351852
"Fair enough, could be worse.",0.22973247458738738
"Outstanding quality, keep up the great work.",0.7180460141934324
"This is terrible, I hate it.",-0.9164657797515997
"Outstanding quality, keep up the great work.",0.804509763918491
Amazing content. Exactly what I needed ‚Äî study tips üòç,1.0
"Superb content, really well done.",0.8557056508546279
"Pathetic attempt, really bad.",-0.5315004222586178
"Decent content, not bad.",-0.006470772271348679
"Terrible quality, poorly made.",-0.6570301547132855
"Excellent work, this made my day better.",0.7176648936315101
"Worst video ever, completely boring.",-0.3391390983372522
This is amazing! I love it so much.,0.8298648351169591
This is gold. This helped a lot ‚Äî cat video üß†,0.0
Kinda useful. somewhat useful for nail art üß†,0.0
"Stupid video, makes no sense.",-0.8828382586127577
Crystal clear. I learned something new ‚Äî nail art üß†,0.0
"This is okay, nothing special.",0.1488506634617882
"Awful content, waste of time.",-0.9546801215995651
Not bad. kinda helpful for travel vlog,-1.0
Very entertaining. Saved me time ‚Äî comedy skit ü§Ø,0.0
Too slow recipe,0.0
"Horrible quality, very disappointing.",-0.9053842319625905
"Terrible quality, poorly made.",-0.7004284264108067
Perfect! Exactly what I was looking for.,0.5259737323571297
"Outstanding quality, keep up the great work.",0.5512371275838055
"This is okay, nothing special.",-0.1770696585527247
"Average video, seen better.",-0.23803827978985242
"Average video, seen better.",0.1471466955154881
Perfect! Exactly what I was looking for.,0.7761170830877894
"Normal content, pretty typical.",-0.20705061545192727
This is amazing! I love it so much.,0.5040684900902377
Life-changing tip. Taking notes ‚Äî car mod,0.0
"Horrible quality, very disappointing.",-0.6866111530586427
"Pathetic attempt, really bad.",-0.7083058708161961
Boring history fact ü§Ø,-1.0
"Stupid video, makes no sense.",-0.9920406665913772
"It's fine, could be improved.",0.07334395433996899
"Stupid video, makes no sense.",-0.4214848783358013
"It's watchable, I guess.",-0.2263306777972984
"Pathetic attempt, really bad.",-0.6307957109405026
"Outstanding quality, keep up the great work.",0.7886869217073817
"Bad video, not worth watching.",-0.651666392590476
Awesome video! This is so good.,0.7907666237875035
"Alright, but not amazing.",-0.20571750886116924
"Average video, seen better.",-0.019103484691594452
"This is terrible, I hate it.",-0.4352612593766051
"This is okay, nothing special.",-0.08393090124336647
"Decent content, not bad.",0.14476500000187853
"Superb content, really well done.",0.9655293007582522
"Beautiful and inspiring, thank you for sharing.",0.7125041434026919
"Worst video ever, completely boring.",-0.9983571834594019
"Horrible quality, very disappointing.",-0.4473362507829688
Cringe science experiment,0.0
"Standard video, nothing new.",0.009903848799317938
"Okay video, nothing exciting.",0.21857096874009146
"Standard video, nothing new.",0.18651708818960844
"Alright, but not amazing.",0.2486463990595777
"Awful content, waste of time.",-0.5734195380122271
"It's fine, could be improved.",0.031161533926172102
Perfect! Exactly what I was looking for.,0.9186142910922805
"Normal content, pretty typical.",0.20664959188774984
"Fair enough, could be worse.",-0.0899715779858909
"Pathetic attempt, really bad.",-0.5664422406331385
"Beautiful and inspiring, thank you for sharing.",0.7516941141998545
"This is terrible, I hate it.",-0.3752343525364865
"Pathetic attempt, really bad.",-0.31895238934805825
"Pathetic attempt, really bad.",-0.8622555402345191
"Worst video ever, completely boring.",-0.7520340774491352
"This is okay, nothing special.",0.14728155744887905
"It's fine, could be improved.",-0.0013697877882926646
Perfect! Exactly what I was looking for.,0.9634710338076686
"Outstanding quality, keep up the great work.",0.4998171106430003
"Terrible quality, poorly made.",-0.34112421843613894
Disgusting and annoying content.,-0.8897592652424524
"Standard video, nothing new.",0.029365189371201972
"This is okay, nothing special.",0.2843592624253822
"Standard video, nothing new.",-0.075394530972173
"This is okay, nothing special.",0.13620081107396997
"It's watchable, I guess.",-0.25400398982819555
"Worst video ever, completely boring.",-0.8620675198427954
Impressive work! Love the resume tips,1.0
"Terrible quality, poorly made.",-0.8282029176910244
"Superb content, really well done.",0.6130809533022376
"Horrible quality, very disappointing.",-0.7716517684865529
"This is okay, nothing special.",-0.2629580831731992
"Beautiful and inspiring, thank you for sharing.",0.39010872478819814
"Okay video, nothing exciting.",0.030228361932508163
"Okay video, nothing exciting.",0.1581974560175327
"Bad video, not worth watching.",-0.5692801306561643
This is amazing! I love it so much.,0.5317590055985748
This is brilliant! Love the creativity.,0.6287291936791986
"Horrible quality, very disappointing.",-0.4110187977033305
"Outstanding quality, keep up the great work.",0.5182058524349651
"This is okay, nothing special.",0.149904162206899
"It's watchable, I guess.",0.285068889174859
"Normal content, pretty typical.",0.1925557683581854
"Normal content, pretty typical.",0.22544777227537588
"Fair enough, could be worse.",-0.07761358519364933
"Stupid video, makes no sense.",-0.9915281627529784
"Superb content, really well done.",0.6320801257764569
Interesting dance,0.0
"Average video, seen better.",-0.022481347211532943
"Alright, but not amazing.",0.2901156992645684
Could be better recipe üòç,0.0
"Okay video, nothing exciting.",-0.12111073555248589
"Fair enough, could be worse.",0.12801622499129106
"Normal content, pretty typical.",-0.2839124310448563
Awesome video! This is so good.,0.3185537957219602
"Horrible quality, very disappointing.",-0.748084210633855
"Average video, seen better.",-0.005971277137029163
"It's fine, could be improved.",0.04607614704980628
Confusing. Zero value ‚Äî coding,0.0
"Terrible quality, poorly made.",-0.7620980512705864
"Excellent work, this made my day better.",0.5712253218247426
"Average video, seen better.",-0.04419539482541518
"Beautiful and inspiring, thank you for sharing.",0.4551776294185317
"Terrible quality, poorly made.",-0.8746411568536496
Confusing cat video,0.0
"Beautiful and inspiring, thank you for sharing.",0.3529893960501521
"Worst video ever, completely boring.",-0.3454919209857399
"Beautiful and inspiring, thank you for sharing.",0.7694739246672605
"Beautiful and inspiring, thank you for sharing.",0.7221020736978272
Perfect! Exactly what I was looking for.,0.4479142762698478
"Fair enough, could be worse.",0.008285445307929462
"Excellent work, this made my day better.",0.5642951493841621
Decent productivity,0.0
"Useless content, very disappointing.",-0.7702263985498681
"Pathetic attempt, really bad.",-0.9377098306056427
"It's fine, could be improved.",-0.24602410625842797
"Standard video, nothing new.",0.047685457428971234
"This is okay, nothing special.",-0.20186463994442444
"Outstanding quality, keep up the great work.",0.7398429606881847
"Absolutely fantastic content, really enjoyed watching this.",0.4126752209751602
"Alright, but not amazing.",-0.1565789340303703
"This is okay, nothing special.",0.09561251300096296
Awesome video! This is so good.,0.44839217527877884
Okay I guess art timelapse,0.0
"Outstanding quality, keep up the great work.",0.6827345616346057
"Average video, seen better.",0.14223670401828004
"Superb content, really well done.",0.5639755606944683
"Worst video ever, completely boring.",-0.5399575400706853
"Alright, but not amazing.",-0.11098150784749536
"Stupid video, makes no sense.",-0.7980642920513873
"Alright, but not amazing.",-0.2762464598293232
"Awful content, waste of time.",-0.9662692678245008
"It's fine, could be improved.",0.041557032613857736
Interesting skincare,0.0
"It's watchable, I guess.",0.04968388689305525
"Worst video ever, completely boring.",-0.6549656540489955
"Worst video ever, completely boring.",-0.5338357749670027
"Excellent work, this made my day better.",0.30615898130439984
"Alright, but not amazing.",-0.28305007291481443
"Useless content, very disappointing.",-0.9166147756650024
"Worst video ever, completely boring.",-0.3123072936693363
"Horrible quality, very disappointing.",-0.3340123702148299
This is brilliant! Love the creativity.,0.32868458772927683
"Alright, but not amazing.",-0.22508161824777737
"Decent content, not bad.",-0.006589365249598189
"Average video, seen better.",-0.05564793369345819
Perfect! Exactly what I was looking for.,0.7226334129474554
This is brilliant! Love the creativity.,0.6965619599177398
"Decent content, not bad.",0.06758281765962748
"Bad video, not worth watching.",-0.7795781603873072
Loved this. Saved me time ‚Äî movie recap,1.0
"Worst video ever, completely boring.",-0.4711823037849867
Awesome video! This is so good.,0.5461867480501243
"Normal content, pretty typical.",-0.11740444863101768
Decent. kinda helpful for tech unboxing üíØ,0.0
"Outstanding quality, keep up the great work.",0.5891010540139283
Mixed feelings music cover,0.0
"Worst video ever, completely boring.",-0.8561504098270388
"Terrible quality, poorly made.",-0.8499528783110843
"Superb content, really well done.",0.6914762931631593
Awesome video! This is so good.,0.6677386346932903
"Stupid video, makes no sense.",-0.3561481301142232
"Normal content, pretty typical.",0.08841034671337555
"Worst video ever, completely boring.",-0.4371792322242193
"Beautiful and inspiring, thank you for sharing.",0.6153809850954919
Wonderful video! Great job on this.,0.9871993984928182
Awesome video! This is so good.,0.3570392912654358
"Normal content, pretty typical.",0.2130683210388284
Perfect! Exactly what I was looking for.,0.56520042718716
"Standard video, nothing new.",0.1629019395568388
"Beautiful and inspiring, thank you for sharing.",0.7998740857330933
Disgusting and annoying content.,-0.6992891696694046
"It's fine, could be improved.",0.11770198738203286
"Excellent work, this made my day better.",0.5502470960003466
"This is okay, nothing special.",-0.20032261836102472
This is brilliant! Love the creativity.,0.5069983922867021
"Normal content, pretty typical.",-0.26023196290471867
Disgusting and annoying content.,-0.8911807348031859
"Okay video, nothing exciting.",0.07394542993695025
Wholesome. I learned something new ‚Äî fashion haul üò¨,0.0
"This is okay, nothing special.",0.1365308424698456
Inspiring. Practical tip ‚Äî dance,0.0
"Worst video ever, completely boring.",-0.42654980061991044
"Horrible quality, very disappointing.",-0.6270980086977244
"Awful content, waste of time.",-0.9545599551540098
"Awful content, waste of time.",-0.40089070872345633
"Useless content, very disappointing.",-0.37859243373958384
"It's fine, could be improved.",0.029619910742488598
"Excellent work, this made my day better.",0.4835991671209481
"Decent content, not bad.",0.28078838167582737
"Outstanding quality, keep up the great work.",0.9187434242215995
"Bad video, not worth watching.",-0.328636391794339
"Fair enough, could be worse.",0.004330316388177602
"This is terrible, I hate it.",-0.9347516334275102
"Bad video, not worth watching.",-0.4549736988887578
"Alright, but not amazing.",0.27880448367526484
This is brilliant! Love the creativity.,0.458554498054319
"Pathetic attempt, really bad.",-0.48821186919342174
"Beautiful and inspiring, thank you for sharing.",0.5069515233935473
"This is terrible, I hate it.",-0.7322096384080552
Disgusting and annoying content.,-0.9491611572620936
"Terrible quality, poorly made.",-0.4245518407119383
This is brilliant! Love the creativity.,0.8373227228878894
"This is okay, nothing special.",-0.29617268135757024
I didn‚Äôt get it. Didn‚Äôt explain the why ‚Äî finance advice üòÖ,0.0
Not bad ASMR,-1.0
Perfect! Exactly what I was looking for.,0.9211491235984055
"Worst video ever, completely boring.",-0.7345772925032765
"This is okay, nothing special.",0.2032684099487984
"Outstanding quality, keep up the great work.",0.3536891277726635
Not helpful car mod,0.0
Awesome video! This is so good.,0.5324716507439703
Interesting ASMR,0.0
"Decent content, not bad.",-0.2500161984454216
"Decent content, not bad.",0.22422943993948935
"Outstanding quality, keep up the great work.",0.8747310818803842
"It's watchable, I guess.",-0.16479000546855543
"This is okay, nothing special.",0.27620862807267815
"Useless content, very disappointing.",-0.3100520786033705
"Absolutely fantastic content, really enjoyed watching this.",0.7519138896191454
This is brilliant! Love the creativity.,0.9456142908276193
"It's watchable, I guess.",0.21261931866737
"Terrible quality, poorly made.",-0.5290486430658199
"Okay video, nothing exciting.",-0.2794441791940719
"Okay video, nothing exciting.",-0.12395806205605595
"Beautiful and inspiring, thank you for sharing.",0.5983736876894545
Genius idea. Useful for beginners ‚Äî AI demo üß†,0.0
"Excellent work, this made my day better.",0.3841555200440682
"Bad video, not worth watching.",-0.8761809731967171
"Average video, seen better.",0.20459273773527747
"Excellent work, this made my day better.",0.4046335588485348
Wonderful video! Great job on this.,0.3947846460361296
"This is okay, nothing special.",-0.2177721062354565
"Excellent work, this made my day better.",0.4626517534414721
"Decent content, not bad.",-0.03967010180087094
"Excellent work, this made my day better.",0.9876336747218302
"Average video, seen better.",0.2800039461710762
"Horrible quality, very disappointing.",-0.7882015341306101
Disgusting and annoying content.,-0.7034680384963956
Awesome video! This is so good.,0.7959427919835382
"Awful content, waste of time.",-0.7215679520181937
"Worst video ever, completely boring.",-0.3305904970087421
"Useless content, very disappointing.",-0.5772844963578296
"It's watchable, I guess.",0.06102685010337072
"Normal content, pretty typical.",-0.1591663342411899
"Absolutely fantastic content, really enjoyed watching this.",0.8935767549480567
Interesting. kinda helpful for workout üòç,0.0
Well explained! Love the college vlog üëè,1.0
"It's watchable, I guess.",0.19290622494893678
Amazing content! Love the motivation,1.0
"Beautiful and inspiring, thank you for sharing.",0.7339042698847966
Wonderful video! Great job on this.,0.9181888561248792
Brilliant! Love the college vlog,1.0
"Awful content, waste of time.",-0.7355299785924935
"Terrible quality, poorly made.",-0.8992902717511119
"Okay video, nothing exciting.",-0.1324206851003106
"Excellent work, this made my day better.",0.8412722662513596
"Beautiful and inspiring, thank you for sharing.",0.8717575139368474
"It's fine, could be improved.",-0.09021451177153064
"Standard video, nothing new.",-0.21581884081003844
"Worst video ever, completely boring.",-0.6955342882218669
Awesome video! This is so good.,0.3510123846415681
"Pathetic attempt, really bad.",-0.35196963594798447
"Stupid video, makes no sense.",-0.6926120116841366
"Alright, but not amazing.",-0.03818723605644958
"Average video, seen better.",0.19040423859224304
"It's fine, could be improved.",0.09205024561924025
"It's fine, could be improved.",-0.20583650368240058
Inspiring. Bookmarked for later ‚Äî coding,0.0
"This is okay, nothing special.",0.18474645944764162
Cringe. No real tips ‚Äî resume tips üòç,0.0
"This is okay, nothing special.",-0.11980762686813509
"Decent content, not bad.",0.03671535506340762
"Decent content, not bad.",0.2556497981064791
"Terrible quality, poorly made.",-0.40883099669669243
"It's watchable, I guess.",0.26814545824204233
"Absolutely fantastic content, really enjoyed watching this.",0.6863692705016744
"Normal content, pretty typical.",0.15591833602786592
Cute!. This answered my question ‚Äî garden tour üòç,1.0
This is brilliant! Love the creativity.,0.35296933495848226
"It's fine, could be improved.",0.07657212974991273
Disgusting and annoying content.,-0.943471710991263
"Beautiful and inspiring, thank you for sharing.",0.8876422117993776
Confusing. Not useful ‚Äî nail art üìö,0.0
"Terrible quality, poorly made.",-0.394758040611222
"Standard video, nothing new.",-0.2987601958525198
Awesome video! This is so good.,0.8455574056599362
Misleading productivity üìö,0.0
"Awful content, waste of time.",-0.8390287919230854
This is brilliant! Love the creativity.,0.4436186461936531
"Fair enough, could be worse.",-0.08527155137422401
"Outstanding quality, keep up the great work.",0.9218786777797114
Awesome video! This is so good.,0.3354725556271069
"Okay video, nothing exciting.",0.2920274744980354
"Terrible quality, poorly made.",-0.4746488005910964
"This is terrible, I hate it.",-0.9565298691204784
"Alright, but not amazing.",0.1288830943185964
"Terrible quality, poorly made.",-0.6877599165482455
"Terrible quality, poorly made.",-0.6661487086196636
"Terrible quality, poorly made.",-0.48440992781390746
"Average video, seen better.",-0.02055015278482858
"Pathetic attempt, really bad.",-0.4450681120590343
"Decent content, not bad.",0.04744133178083332
"It's watchable, I guess.",0.2241823084696764
"Superb content, really well done.",0.5939637895106976
"Terrible quality, poorly made.",-0.5031169839266862
Disgusting and annoying content.,-0.9363277210293554
"Beautiful and inspiring, thank you for sharing.",0.4297322346251594
"Decent content, not bad.",-0.13778712618502728
"Pathetic attempt, really bad.",-0.778478689992682
"Standard video, nothing new.",0.13095156339467928
"Awful content, waste of time.",-0.9423941620326954
"Bad video, not worth watching.",-0.4057321736035997
"Okay video, nothing exciting.",-0.07789691987795858
This is brilliant! Love the creativity.,0.444927112041345
"Decent content, not bad.",-0.25822461889408665
"Average video, seen better.",0.21115141608038152
"Fair enough, could be worse.",-0.2697868721947321
Decent. somewhat useful for history fact,0.0
"Worst video ever, completely boring.",-0.7068908368688489
"Stupid video, makes no sense.",-0.5790050633137398
"Alright, but not amazing.",0.2899476245271308
"This is terrible, I hate it.",-0.766265679966948
"Bad video, not worth watching.",-0.6482031957331166
"Okay video, nothing exciting.",0.24130008606641135
"Outstanding quality, keep up the great work.",0.9942090628040963
"Normal content, pretty typical.",0.1810056107701617
Disgusting and annoying content.,-0.6939375364001379
"Useless content, very disappointing.",-0.3656360268068921
"Superb content, really well done.",0.33754398971865013
"Useless content, very disappointing.",-0.45858070885823576
Wonderful video! Great job on this.,0.3289431963028052
Disgusting and annoying content.,-0.8181728050958572
"Excellent work, this made my day better.",0.4037541633026181
"Awful content, waste of time.",-0.32692276468869963
This is brilliant! Love the creativity.,0.7716957578067626
"Okay video, nothing exciting.",-0.10561592486757013
This is brilliant! Love the creativity.,0.6596769975110932
Disgusting and annoying content.,-0.9048147961992066
"Standard video, nothing new.",0.2163085123412219
"Normal content, pretty typical.",0.09391111354790793
"This is terrible, I hate it.",-0.6560092901124726
This is brilliant! Love the creativity.,0.5336964104075788
Wonderful video! Great job on this.,0.4707308152462339
Perfect! Exactly what I was looking for.,0.511298303110961
"Absolutely fantastic content, really enjoyed watching this.",0.7900499222027079
"Bad video, not worth watching.",-0.8379798082654935
"Alright, but not amazing.",-0.1489422183638518
"Average video, seen better.",0.07163033537638763
Awesome video! This is so good.,0.7530501238098095
This is brilliant! Love the creativity.,0.6261240330505851
Wonderful video! Great job on this.,0.6542018914570147
"This is terrible, I hate it.",-0.9088120363294904
This is brilliant! Love the creativity.,0.6742071982865256
Okay I guess dog video,0.0
This is brilliant! Love the creativity.,0.5863565816632292
Perfect! Exactly what I was looking for.,0.6662886162403812
This is amazing! I love it so much.,0.7783406991619708
Life-changing tip. Taking notes ‚Äî coding,0.0
"Worst video ever, completely boring.",-0.8009470243066473
"Normal content, pretty typical.",0.0808885125350392
"Bad video, not worth watching.",-0.9641191855067892
Hilarious! Love the product review ü§î,1.0
"Worst video ever, completely boring.",-0.9807753208526548
Thanks for sharing tech unboxing üê±,0.0
Awesome video! This is so good.,0.41278206392421496
"Fair enough, could be worse.",-0.2980323342583941
Awesome video! This is so good.,0.45942132051936924
"Normal content, pretty typical.",0.258211536534855
"Normal content, pretty typical.",-0.2683265195209996
"Superb content, really well done.",0.8171040581804978
"Bad video, not worth watching.",-0.5571403949608291
This is brilliant! Love the creativity.,0.35834692637089566
Perfect! Exactly what I was looking for.,0.5628042512618736
"Beautiful and inspiring, thank you for sharing.",0.816530097401639
Perfect! Exactly what I was looking for.,0.8268405220644708
"Okay video, nothing exciting.",0.15328069006738254
Cringe. No real tips ‚Äî knitting,0.0
This is brilliant! Love the creativity.,0.45060202543416045
"Worst video ever, completely boring.",-0.9075143991070546
"Stupid video, makes no sense.",-0.6633772376029318
"Standard video, nothing new.",-0.13466856000818642
"Average video, seen better.",0.2127965268359729
"Awful content, waste of time.",-0.4535837923641668
"It's fine, could be improved.",-0.24538280147724392
"Absolutely fantastic content, really enjoyed watching this.",0.46203134480818614
"Standard video, nothing new.",-0.22339756902774482
"Useless content, very disappointing.",-0.33510851275798836
"It's fine, could be improved.",-0.2711687884144674
"Standard video, nothing new.",0.2627161857887476
Wonderful video! Great job on this.,0.43649994457310504
Perfect! Exactly what I was looking for.,0.5747971299202459
"Standard video, nothing new.",-0.1354643155684009
Waste of time. Not useful ‚Äî college vlog üòç,0.0
"Stupid video, makes no sense.",-0.8288223761003973
"This is terrible, I hate it.",-0.3515784043527218
"This is terrible, I hate it.",-0.7108682173674326
"Normal content, pretty typical.",0.2691837203028586
Awesome video! This is so good.,0.7149064298751675
"It's fine, could be improved.",0.09392077744937855
Perfect! Exactly what I was looking for.,0.9224975565455824
"Bad video, not worth watching.",-0.7570330637812942
This is amazing! I love it so much.,0.47942446681708406
Wonderful video! Great job on this.,0.4456404919689314
Well explained. Explained so well ‚Äî cat video,0.0
"It's fine, could be improved.",-0.1990772207411837
"Worst video ever, completely boring.",-0.3016185828032326
Wonderful video! Great job on this.,0.5747479484553484
"Terrible quality, poorly made.",-0.9213957402907123
"Superb content, really well done.",0.5986408528149895
This is brilliant! Love the creativity.,0.9682221741925854
"Fair enough, could be worse.",0.0038348790606348437
"Standard video, nothing new.",0.16160121406053624
"Standard video, nothing new.",-0.14269905479188683
Wonderful video! Great job on this.,0.8011484956895831
"Absolutely fantastic content, really enjoyed watching this.",0.7233101900880805
This is brilliant! Love the creativity.,0.3711099016403655
Wonderful video! Great job on this.,0.4699740217602937
Perfect! Exactly what I was looking for.,0.6915415600244617
"Stupid video, makes no sense.",-0.7490352612865667
Thanks for sharing nail art,0.0
Decent car mod,0.0
Wonderful video! Great job on this.,0.5779547759555104
"Standard video, nothing new.",-0.223719121135289
"Normal content, pretty typical.",-0.055525677571024
"Stupid video, makes no sense.",-0.6741320738529545
"Stupid video, makes no sense.",-0.6271100493368618
"Excellent work, this made my day better.",0.9862187124811825
This is brilliant! Love the creativity.,0.4856737452044894
"This is terrible, I hate it.",-0.7499611358053042
This is amazing! I love it so much.,0.9607409138457765
"Average video, seen better.",-0.14321329632807264
"It's watchable, I guess.",0.15857034445431878
"Beautiful and inspiring, thank you for sharing.",0.3441484127360418
This is amazing! I love it so much.,0.6153586759408423
"Standard video, nothing new.",-0.07190413815460087
This is brilliant! Love the creativity.,0.976040144808733
This is brilliant! Love the creativity.,0.703179146063785
"Average video, seen better.",-0.19750749161616465
Awesome video! This is so good.,0.7582916933671975
Perfect! Exactly what I was looking for.,0.41495316866447746
"This is terrible, I hate it.",-0.5171757045401159
Perfect! Exactly what I was looking for.,0.41932919830136844
Awesome video! This is so good.,0.8373739963950713
"Bad video, not worth watching.",-0.34472833145675685
"Alright, but not amazing.",0.09140981294298772
"Pathetic attempt, really bad.",-0.42782846371945804
"Normal content, pretty typical.",-0.13383526954718664
"Worst video ever, completely boring.",-0.42193586145022166
"Stupid video, makes no sense.",-0.694061058957
"Fair enough, could be worse.",-0.28853588368568067
"It's watchable, I guess.",0.2358507515532326
Awesome video! This is so good.,0.38590435043818533
"Beautiful and inspiring, thank you for sharing.",0.3287902104012541
"Decent content, not bad.",0.05529477836327312
This is brilliant! Love the creativity.,0.8790515607124656
"Awful content, waste of time.",-0.3735610653321405
"Normal content, pretty typical.",0.2204546173017769
"Absolutely fantastic content, really enjoyed watching this.",0.38077333134003494
Awesome video! This is so good.,0.538175460097824
Cute!. Practical tip ‚Äî ASMR üê∂,1.0
Awesome video! This is so good.,0.7887397746086426
"This is okay, nothing special.",0.2463942913012715
"Bad video, not worth watching.",-0.7626109318513445
"Outstanding quality, keep up the great work.",0.8634969195568787
"This is terrible, I hate it.",-0.9583236668612953
"Awful content, waste of time.",-0.549398981616943
"Average video, seen better.",0.14671839696894934
"It's fine, could be improved.",-0.17830368457574813
This is brilliant! Love the creativity.,0.4836735328881706
Perfect! Exactly what I was looking for.,0.5125483831729665
"Stupid video, makes no sense.",-0.6136995752099514
"Excellent work, this made my day better.",0.3238624803664319
Perfect! Exactly what I was looking for.,0.39189410896945875
Disgusting and annoying content.,-0.5161069018548856
"Useless content, very disappointing.",-0.8942034526115715
"Superb content, really well done.",0.8744536661570244
I learned a lot! Love the car mod üê∂,1.0
"It's fine, could be improved.",0.09462277936732044
"Standard video, nothing new.",-0.09373621336233143
"Superb content, really well done.",0.6219715796928991
"It's fine, could be improved.",0.013901891131688604
Impressive work. I can finally do this ‚Äî tech unboxing,0.0
"It's fine, could be improved.",0.02344333811840099
"Normal content, pretty typical.",-0.15608372818647467
Wonderful video! Great job on this.,0.6294156110999635
"It's fine, could be improved.",0.060530965182885754
"Okay video, nothing exciting.",-0.1402198720677024
"Horrible quality, very disappointing.",-0.7373178623507182
"Awful content, waste of time.",-0.4193547500067951
"Alright, but not amazing.",-0.12915550303393278
"Okay video, nothing exciting.",0.16436602648706117
I didn‚Äôt get it. Useless ‚Äî comedy skit,-1.0
"Outstanding quality, keep up the great work.",0.6634999112486111
This is amazing! I love it so much.,0.979058091560439
"Worst video ever, completely boring.",-0.42954062873210463
Awesome video! This is so good.,0.5388329314331418
"Beautiful and inspiring, thank you for sharing.",0.8263178266495161
"Okay video, nothing exciting.",-0.1384783310200271
Awesome video! This is so good.,0.8125104269237227
"Useless content, very disappointing.",-0.33922187239899315
Wonderful video! Great job on this.,0.5512481520734277
Awesome video! This is so good.,0.7953148611694949
Awesome video! This is so good.,0.5718076587645757
"Terrible quality, poorly made.",-0.8347688435037399
"Superb content, really well done.",0.9558676077856083
"Beautiful and inspiring, thank you for sharing.",0.4301708156592674
"Horrible quality, very disappointing.",-0.988581923932509
"Worst video ever, completely boring.",-0.6003872012445262
"Absolutely fantastic content, really enjoyed watching this.",0.693021534257374
"Absolutely fantastic content, really enjoyed watching this.",0.931533555650075
Not bad college vlog,-1.0
This is brilliant! Love the creativity.,0.3130580556089145
Awesome video! This is so good.,0.5992581522050704
"Pathetic attempt, really bad.",-0.8780678534036892
This is amazing! I love it so much.,0.31286918614210857
"Superb content, really well done.",0.7186830012824086
"Stupid video, makes no sense.",-0.8438983056711686
"Decent content, not bad.",-0.06013048632479806
"This is okay, nothing special.",-0.014642759526528049
"Worst video ever, completely boring.",-0.8553178800073868
"This is terrible, I hate it.",-0.8034437296897969
"Normal content, pretty typical.",0.18608043461912116
"Bad video, not worth watching.",-0.4609968834482472
"It's fine, could be improved.",0.08217706410855818
"Alright, but not amazing.",0.2463737165336331
"Superb content, really well done.",0.8253632493494576
"Beautiful and inspiring, thank you for sharing.",0.5195411203125954
"Excellent work, this made my day better.",0.8871360170583478
"Fair enough, could be worse.",0.07386459823131569
Wonderful video! Great job on this.,0.701398780876082
"It's watchable, I guess.",0.22276303617735022
Wonderful video! Great job on this.,0.30673888148305095
"Standard video, nothing new.",-0.20039478486765833
"Bad video, not worth watching.",-0.6471022424005568
"Fair enough, could be worse.",0.17551529407982897
"Outstanding quality, keep up the great work.",0.34463534733809686
"This is okay, nothing special.",-0.16178355147222534
This is brilliant! Love the creativity.,0.6517283327611536
"This is terrible, I hate it.",-0.6598692050498474
"Terrible quality, poorly made.",-0.6464041311536564
"Standard video, nothing new.",0.17962520697452333
This is amazing! I love it so much.,0.6537700956239483
"Horrible quality, very disappointing.",-0.9060483560855364
"Beautiful and inspiring, thank you for sharing.",0.8573780822730068
"This is okay, nothing special.",-0.09082867421822516
"Average video, seen better.",-0.09856655203934886
"Worst video ever, completely boring.",-0.6833728853839067
"Stupid video, makes no sense.",-0.7891494128299287
"Average video, seen better.",0.026880001838168133
"Excellent work, this made my day better.",0.7027342220948529
"Absolutely fantastic content, really enjoyed watching this.",0.8317381033878883
Wonderful video! Great job on this.,0.4719117287612883
Perfect! Exactly what I was looking for.,0.5792750733796055
"Absolutely fantastic content, really enjoyed watching this.",0.5245662739335183
This is brilliant! Love the creativity.,0.6039164618903463
"Excellent work, this made my day better.",0.41568081956971653
"Fair enough, could be worse.",-0.2764975630991113
"Standard video, nothing new.",0.16038600533073222
"Superb content, really well done.",0.7394343580419043
Wonderful video! Great job on this.,0.661680683534678
"Awful content, waste of time.",-0.6209240319280175
"Pathetic attempt, really bad.",-0.5929859473347507
This is brilliant! Love the creativity.,0.6179585917201725
Wonderful video! Great job on this.,0.5739445047911929
"It's watchable, I guess.",0.2416524740264417
"Standard video, nothing new.",-0.04694952943442643
Awesome video! This is so good.,0.7963534218195205
"It's fine, could be improved.",0.13470423550781518
"Useless content, very disappointing.",-0.762722378674652
"Outstanding quality, keep up the great work.",0.9918571466822486
"Beautiful and inspiring, thank you for sharing.",0.36615631736552456
Disgusting and annoying content.,-0.5591746686590935
Perfect! Exactly what I was looking for.,0.7848562574477509
"Normal content, pretty typical.",-0.18611093625542352
"This is terrible, I hate it.",-0.4514213172359628
"It's watchable, I guess.",-0.15877309756462962
This is amazing! I love it so much.,0.8325374611280858
"Standard video, nothing new.",-0.15008018521497235
"Horrible quality, very disappointing.",-0.6210239161468833
"Useless content, very disappointing.",-0.5921892394337003
"Alright, but not amazing.",0.18842466321681606
"Outstanding quality, keep up the great work.",0.8238519707546363
"Superb content, really well done.",0.39688154855034785
"Beautiful and inspiring, thank you for sharing.",0.8793908474253587
Awesome video! This is so good.,0.37918280590372233
"It's watchable, I guess.",0.13179612062584467
This is gold. Explained so well ‚Äî photography,0.0
"Useless content, very disappointing.",-0.31681285891434974
"Useless content, very disappointing.",-0.7283835985016243
Disgusting and annoying content.,-0.6320671366079669
Interesting ASMR,0.0
"Alright, but not amazing.",0.038515622201539756
"It's watchable, I guess.",-0.24147506620591389
"Useless content, very disappointing.",-0.4518621111632277
"Awful content, waste of time.",-0.8491065716678863
Awesome video! This is so good.,0.5154247894362212
"Outstanding quality, keep up the great work.",0.7211771568974166
"It's watchable, I guess.",0.2862402121979171
Awesome video! This is so good.,0.5497730354322771
"Terrible quality, poorly made.",-0.3559955248703338
"This is okay, nothing special.",-0.2050069076761068
Wonderful video! Great job on this.,0.714342987713498
"Average video, seen better.",-0.131530044351557
"Pathetic attempt, really bad.",-0.39056753166683267
"Absolutely fantastic content, really enjoyed watching this.",0.620818088503226
"Alright, but not amazing.",-0.1070505742644432
Too fast. No real tips ‚Äî ASMR ü§î,0.0
Awesome video! This is so good.,0.6036675170790728
"Standard video, nothing new.",0.06194924368759119
"Superb content, really well done.",0.3611798646141317
"Alright, but not amazing.",-0.004027391961221871
"It's watchable, I guess.",-0.28742471838271466
Wonderful video! Great job on this.,0.3504159508121518
"Awful content, waste of time.",-0.6275021669796247
"Decent content, not bad.",-0.22872983906192473
Super helpful! Love the movie recap üôå,1.0
"Superb content, really well done.",0.6013998937675327
"Fair enough, could be worse.",-0.261654824819303
"Pathetic attempt, really bad.",-0.5826128153385275
"Worst video ever, completely boring.",-0.8179884484543869
"This is okay, nothing special.",0.08466596355892708
"Absolutely fantastic content, really enjoyed watching this.",0.8921730374188745
"Fair enough, could be worse.",-0.26484490210604644
"This is terrible, I hate it.",-0.6759756370047365
"Okay video, nothing exciting.",-0.10295537869742968
"Terrible quality, poorly made.",-0.7073723805409295
"Useless content, very disappointing.",-0.7951161233710586
"It's fine, could be improved.",0.2363719029994113
"Average video, seen better.",-0.2261287360259006
"It's watchable, I guess.",0.19402386256228543
"Standard video, nothing new.",-0.20770340761423617
This is brilliant! Love the creativity.,0.9435271860843135
Genius idea. Practical tip ‚Äî home decor ü§î,0.0
"Standard video, nothing new.",-0.2967236636094957
"Average video, seen better.",-0.11240177591776498
"Absolutely fantastic content, really enjoyed watching this.",0.35595054696921846
"Terrible quality, poorly made.",-0.6454966261536512
"Okay video, nothing exciting.",0.07106478066933897
"Pathetic attempt, really bad.",-0.901081860206893
"Worst video ever, completely boring.",-0.9001182677007357
Perfect! Exactly what I was looking for.,0.9514484904018969
"Useless content, very disappointing.",-0.5334384136629688
"Bad video, not worth watching.",-0.8201469346135097
"Alright, but not amazing.",-0.287452834418021
"Awful content, waste of time.",-0.33767027531654326
"Superb content, really well done.",0.5355856478076073
"Beautiful and inspiring, thank you for sharing.",0.3302789018429877
"Terrible quality, poorly made.",-0.34038698616485263
"Beautiful and inspiring, thank you for sharing.",0.48642500592449306
"Okay video, nothing exciting.",-0.29724599752388065
"Awful content, waste of time.",-0.8718051928436586
Okay I guess. kinda helpful for comedy skit,0.0
"Average video, seen better.",0.09434459854534766
"Bad video, not worth watching.",-0.8148422657890406
"Terrible quality, poorly made.",-0.9603625190660734
"It's watchable, I guess.",-0.18264744090738605
Impressive work! Love the gaming clip,1.0
"Absolutely fantastic content, really enjoyed watching this.",0.5829099050360399
Wonderful video! Great job on this.,0.4144237166693753
"Bad video, not worth watching.",-0.8261040305979983
This is brilliant! Love the creativity.,0.6247940210912009
"Worst video ever, completely boring.",-0.8077763221783011
"Outstanding quality, keep up the great work.",0.9382470068089774
"Fair enough, could be worse.",-0.24626543670847525
"Worst video ever, completely boring.",-0.4612975346155126
"Terrible quality, poorly made.",-0.8399321097308718
Hilarious! Love the basketball highlight üëè,1.0
"Standard video, nothing new.",-0.08153705443681444
"Outstanding quality, keep up the great work.",0.9754739382991551
"Okay video, nothing exciting.",-0.2899868447946859
Chef‚Äôs kiss! Love the music cover,1.0
"This is terrible, I hate it.",-0.6791486094468693
"Bad video, not worth watching.",-0.66026012433373
"Absolutely fantastic content, really enjoyed watching this.",0.42958638306991537
"Terrible quality, poorly made.",-0.7337175312590939
"Absolutely fantastic content, really enjoyed watching this.",0.8910555923992112
"Pathetic attempt, really bad.",-0.753995121453697
"Horrible quality, very disappointing.",-0.44401589974839584
"Superb content, really well done.",0.4940884499931404
"Horrible quality, very disappointing.",-0.9408066405121396
"Average video, seen better.",-0.2840374046522998
"Pathetic attempt, really bad.",-0.8288554156087595
"It's watchable, I guess.",0.1429031468021265
"Average video, seen better.",0.038799319645789865
"It's watchable, I guess.",-0.15126974666003332
"Horrible quality, very disappointing.",-0.837710652396934
"This is terrible, I hate it.",-0.5244472708762639
This is amazing! I love it so much.,0.4738225373344599
"Awful content, waste of time.",-0.6593653243316363
"Decent content, not bad.",-0.28204753784332676
"Average video, seen better.",-0.17063363591739736
"Beautiful and inspiring, thank you for sharing.",0.8241684374115066
"Pathetic attempt, really bad.",-0.9863042895176289
"Worst video ever, completely boring.",-0.7759828655982083
"This is terrible, I hate it.",-0.8461627071236133
"It's watchable, I guess.",-0.14990872317765735
"Stupid video, makes no sense.",-0.8924373752527426
"Terrible quality, poorly made.",-0.9261953429364532
"It's fine, could be improved.",0.23203851029648975
"Normal content, pretty typical.",0.022753395514368058
Interesting finance advice üôå,0.0
"Normal content, pretty typical.",0.2432924914238646
"Standard video, nothing new.",0.2917104296501955
"This is okay, nothing special.",-0.26178028152959437
"Useless content, very disappointing.",-0.9920168079865873
"Alright, but not amazing.",0.14184706874238695
"Okay video, nothing exciting.",0.22422815104024846
"Normal content, pretty typical.",0.16771465394195068
"Normal content, pretty typical.",0.14767962345248353
"It's watchable, I guess.",-0.13348069988242442
"This is terrible, I hate it.",-0.9904871372758948
Impressive work! Love the college vlog üß†,1.0
This is gold. Exactly what I needed ‚Äî productivity,0.0
Disgusting and annoying content.,-0.5781246907715376
Disgusting and annoying content.,-0.5342093114617124
Wonderful video! Great job on this.,0.5642951503900506
"Bad video, not worth watching.",-0.5083922203257589
Disgusting and annoying content.,-0.8148326365922383
"Decent content, not bad.",0.2571200247731979
"Useless content, very disappointing.",-0.9760657670446649
"Standard video, nothing new.",-0.26970550892785244
"Excellent work, this made my day better.",0.6484293142074817
"Excellent work, this made my day better.",0.5755807146720748
"Bad video, not worth watching.",-0.5937888818623145
"Terrible quality, poorly made.",-0.5757618478967901
"This is okay, nothing special.",-0.06666841927181996
"Stupid video, makes no sense.",-0.4351054397178685
"Decent content, not bad.",-0.26872864887151793
"Decent content, not bad.",0.01364418700663228
"Horrible quality, very disappointing.",-0.35732690696272085
Perfect! Exactly what I was looking for.,0.5407637618770063
Loved this. Saved me time ‚Äî travel hack ü§î,1.0
"Absolutely fantastic content, really enjoyed watching this.",0.5209071273446175
Awesome video! This is so good.,0.39791144775706444
"Awful content, waste of time.",-0.711280850575784
"It's fine, could be improved.",0.21378627004918244
"Terrible quality, poorly made.",-0.6106072025230673
"Awful content, waste of time.",-0.3475913161580191
Chef‚Äôs kiss. Taking notes ‚Äî dog video,0.0
This is amazing! I love it so much.,0.6875826021448141
"It's fine, could be improved.",0.22852448339479275
"Fair enough, could be worse.",-0.04081886809990504
"It's fine, could be improved.",-0.29527166823442247
"Excellent work, this made my day better.",0.7518490005624159
Awesome video! This is so good.,0.4647288627752614
"Okay video, nothing exciting.",0.16840689038338413
Disgusting and annoying content.,-0.9029499202888228
This is amazing! I love it so much.,0.36119441707307265
"Bad video, not worth watching.",-0.7014876354458293
"Absolutely fantastic content, really enjoyed watching this.",0.4153060380701758
This is amazing! I love it so much.,0.897167335832112
"Worst video ever, completely boring.",-0.7726486157105035
"Useless content, very disappointing.",-0.5769708384753054
"Alright, but not amazing.",0.029276467342991663
"Fair enough, could be worse.",0.09033454015410669
I‚Äôll try this parenting tip ü§Ø,0.0
"Awful content, waste of time.",-0.38387524166443066
"Useless content, very disappointing.",-0.5868439404227553
"Pathetic attempt, really bad.",-0.8021769412781845
"It's fine, could be improved.",-0.14362132751234388
"Standard video, nothing new.",-0.2871820730385215
Perfect! Exactly what I was looking for.,0.789517940847424
"Excellent work, this made my day better.",0.8290940675248404
"This is okay, nothing special.",-0.005714862681749366
"Fair enough, could be worse.",-0.2734748030331407
"Decent content, not bad.",-0.08199231255153022
"Outstanding quality, keep up the great work.",0.43664125045780405
"It's fine, could be improved.",0.01866763921397213
"Useless content, very disappointing.",-0.3551651280050643
"Absolutely fantastic content, really enjoyed watching this.",0.9141223759344674
"Useless content, very disappointing.",-0.35954924776670016
"Decent content, not bad.",0.06389685881686435
"Worst video ever, completely boring.",-0.5251863329069758
"Bad video, not worth watching.",-0.39501626921156086
"This is okay, nothing special.",-0.08930735712193302
"Outstanding quality, keep up the great work.",0.7972821134837017
"Standard video, nothing new.",-0.005671186601576783
"Pathetic attempt, really bad.",-0.4791146342089355
"It's fine, could be improved.",0.06548309299863608
"Awful content, waste of time.",-0.7584543850975198
"It's watchable, I guess.",0.07507224324892026
"This is terrible, I hate it.",-0.46024258374790417
Awesome video! This is so good.,0.93629330577592
"Stupid video, makes no sense.",-0.7534026954540277
"Bad video, not worth watching.",-0.9035252161868513
"Horrible quality, very disappointing.",-0.7853737820378388
This is amazing! I love it so much.,0.5082797965623583
"This is terrible, I hate it.",-0.3238131095401733
This is brilliant! Love the creativity.,0.5214547362792875
"Outstanding quality, keep up the great work.",0.7064624111229025
"Awful content, waste of time.",-0.8918718628869524
Could be better ASMR üíØ,0.0
"Standard video, nothing new.",0.21974258319950263
"Horrible quality, very disappointing.",-0.5812729018735321
"Average video, seen better.",-0.05682494357680451
"Standard video, nothing new.",-0.2597131824455848
"This is okay, nothing special.",-0.08388985249196057
"This is terrible, I hate it.",-0.42636311030490637
"This is terrible, I hate it.",-0.8914923837694605
"This is terrible, I hate it.",-0.7971152445771905
"Outstanding quality, keep up the great work.",0.4831339875263678
"Decent content, not bad.",0.09864503294328353
"Absolutely fantastic content, really enjoyed watching this.",0.9540617956433746
"Horrible quality, very disappointing.",-0.8074494978620586
"Pathetic attempt, really bad.",-0.43443298355658033
"Okay video, nothing exciting.",0.22813884501355647
"Decent content, not bad.",-0.004118155883009678
Disgusting and annoying content.,-0.587389800154386
"Useless content, very disappointing.",-0.49183738676951005
"Stupid video, makes no sense.",-0.3119452726945259
"Average video, seen better.",-0.25811860290874344
"Fair enough, could be worse.",-0.2519127168311975
"It's fine, could be improved.",0.22449442046378837
Disgusting and annoying content.,-0.6467289178054616
"Average video, seen better.",0.20782648051734282
Hilarious! Love the art timelapse,1.0
"Standard video, nothing new.",0.1925088850766576
"Useless content, very disappointing.",-0.8508168177922022
"This is okay, nothing special.",-0.16897961923183058
"Horrible quality, very disappointing.",-0.9788355405301559
"Awful content, waste of time.",-0.8111348407708927
"Excellent work, this made my day better.",0.6656141579014404
"Absolutely fantastic content, really enjoyed watching this.",0.5856198301354751
"Excellent work, this made my day better.",0.9178865937967566
"Okay video, nothing exciting.",0.1455501623113571
This is brilliant! Love the creativity.,0.7086489459073598
"Superb content, really well done.",0.9404417351442003
Perfect! Exactly what I was looking for.,0.5937659060640994
"Awful content, waste of time.",-0.5246270066918037
Thanks for sharing tutorial üéµ,0.0
"Average video, seen better.",-0.16791650951569695
"Standard video, nothing new.",0.024910426878691994
"Decent content, not bad.",-0.1719345634720947
"Outstanding quality, keep up the great work.",0.5169942894277662
Wonderful video! Great job on this.,0.6439419930150131
"Terrible quality, poorly made.",-0.3715825004823906
"Bad video, not worth watching.",-0.8976239582306882
"Okay video, nothing exciting.",0.08712575263047417
This is brilliant! Love the creativity.,0.8556533113750617
Wonderful video! Great job on this.,0.9115228342764183
"Okay video, nothing exciting.",0.23786041064977764
"It's fine, could be improved.",0.09317170997015978
"Excellent work, this made my day better.",0.7541672196549887
"Normal content, pretty typical.",0.006911038499268329
Perfect! Exactly what I was looking for.,0.869557672416571
Mixed feelings history fact üòÖ,0.0
"Okay video, nothing exciting.",0.15520857949378503
Disgusting and annoying content.,-0.3560547236223158
"It's fine, could be improved.",0.2742177272218957
"Alright, but not amazing.",0.25391066968248116
"Terrible quality, poorly made.",-0.5685958576087258
"Outstanding quality, keep up the great work.",0.5217102715457897
"Awful content, waste of time.",-0.33493501523099467
This is amazing! I love it so much.,0.6295789568501029
"It's watchable, I guess.",-0.291387119818775
"Worst video ever, completely boring.",-0.4027908974829715
"Stupid video, makes no sense.",-0.6339753297544997
Hmm. kinda helpful for home decor üî•,0.0
"Fair enough, could be worse.",0.05564120873855394
"This is terrible, I hate it.",-0.31837959165297147
"Decent content, not bad.",0.1632875886089029
"Alright, but not amazing.",-0.2829834267461981
Perfect! Exactly what I was looking for.,0.618354168877238
"Horrible quality, very disappointing.",-0.9972976903719987
"Alright, but not amazing.",-0.004953501023391038
"It's watchable, I guess.",0.18700706274903572
"Worst video ever, completely boring.",-0.6678886710191875
"Average video, seen better.",-0.10466702579607637
"Outstanding quality, keep up the great work.",0.3526259182063395
"Beautiful and inspiring, thank you for sharing.",0.7143986823663174
This is amazing! I love it so much.,0.41738610246821384
Hilarious. Helped me fix it ‚Äî life hack üëè,0.0
"It's watchable, I guess.",-0.14209420899119052
"Pathetic attempt, really bad.",-0.38621026657391744
Perfect! Exactly what I was looking for.,0.30357504326228774
Genius idea! Love the thrifting üê∂,1.0
"Excellent work, this made my day better.",0.6605318861941034
"Worst video ever, completely boring.",-0.4701546293571478
"It's fine, could be improved.",0.18740735309897566
Well explained! Love the art timelapse üí™,1.0
"Awful content, waste of time.",-0.5938915735403898
This is amazing! I love it so much.,0.9991678139169717
"Stupid video, makes no sense.",-0.7278991409179502
"Stupid video, makes no sense.",-0.7888379944870592
"Alright, but not amazing.",-0.014279132653437387
This is brilliant! Love the creativity.,0.33645817629442676
"Absolutely fantastic content, really enjoyed watching this.",0.3336518620720353
"Outstanding quality, keep up the great work.",0.5614510245894859
Loved this. Exactly what I needed ‚Äî cat video,1.0
"This is terrible, I hate it.",-0.866290814944679
"Bad video, not worth watching.",-0.9005654324058605
"Decent content, not bad.",0.17885581493358388
"Average video, seen better.",0.12222435967371426
Well explained. I learned something new ‚Äî mindfulness,0.0
Thanks for sharing music cover üò≠,0.0
"It's fine, could be improved.",0.09578419739358729
"This is terrible, I hate it.",-0.6022695602413544
"Decent content, not bad.",0.2835217492360778
"It's fine, could be improved.",-0.0897718388147076
Well explained! Love the knitting üéµ,1.0
"This is terrible, I hate it.",-0.7811829664808904
"Pathetic attempt, really bad.",-0.3227569319908552
"Fair enough, could be worse.",0.1912367736333514
Perfect! Exactly what I was looking for.,0.5382718636058565
"Awful content, waste of time.",-0.8381097521755789
"Decent content, not bad.",0.08796752344733927
Awesome video! This is so good.,0.42655636436923083
"Absolutely fantastic content, really enjoyed watching this.",0.9382430344130188
Crystal clear. Exactly what I needed ‚Äî dog video üò¥,0.0
"Terrible quality, poorly made.",-0.7134134901614816
"Absolutely fantastic content, really enjoyed watching this.",0.5461858002140234
"Alright, but not amazing.",-0.17140322897867502
"Bad video, not worth watching.",-0.3643686860795001
"This is terrible, I hate it.",-0.710348738378583
Not bad music cover,-1.0
"Excellent work, this made my day better.",0.9185192583880868
"Average video, seen better.",-0.2532021302525371
"Pathetic attempt, really bad.",-0.7030589786411963
"Stupid video, makes no sense.",-0.5830923214878205
"Useless content, very disappointing.",-0.9999318307376902
"Standard video, nothing new.",0.28849349755326653
"Stupid video, makes no sense.",-0.7886686618747252
Awesome video! This is so good.,0.7513752990907023
"Absolutely fantastic content, really enjoyed watching this.",0.6155222645072623
"Excellent work, this made my day better.",0.9892267233675216
"Useless content, very disappointing.",-0.3895676456966628
"Terrible quality, poorly made.",-0.8671717340636739
"Average video, seen better.",0.0935989194562728
"Normal content, pretty typical.",-0.282992497438241
"Absolutely fantastic content, really enjoyed watching this.",0.48527982803213526
"Outstanding quality, keep up the great work.",0.8821517063487583
"Superb content, really well done.",0.6011859464992599
Perfect! Exactly what I was looking for.,0.9479727389287353
"Worst video ever, completely boring.",-0.5849996077495049
"Pathetic attempt, really bad.",-0.5537398325783898
"It's fine, could be improved.",-0.04438107563940824
"Awful content, waste of time.",-0.6861427862135748
Disgusting and annoying content.,-0.4002771274720578
This is brilliant! Love the creativity.,0.8469049789423102
"Stupid video, makes no sense.",-0.465495371860176
"Horrible quality, very disappointing.",-0.5954947262386647
Disgusting and annoying content.,-0.6362024073379571
"It's watchable, I guess.",0.20430204504267074
"Stupid video, makes no sense.",-0.6561124410657089
"This is terrible, I hate it.",-0.5217553999464752
Disgusting and annoying content.,-0.5948729413810381
Disgusting and annoying content.,-0.456602725580629
"Alright, but not amazing.",0.25042863085456607
"Decent content, not bad.",-0.09426949673692125
"Excellent work, this made my day better.",0.9856606361212561
"Terrible quality, poorly made.",-0.341710399591295
Overhyped ASMR üìö,0.0
Not bad. somewhat useful for coding üòÖ,-1.0
"Awful content, waste of time.",-0.6185127368752469
"Excellent work, this made my day better.",0.4724452622423719
"Fair enough, could be worse.",-0.036645498019597045
"Horrible quality, very disappointing.",-0.668518958149064
"Pathetic attempt, really bad.",-0.9110922820347178
"Stupid video, makes no sense.",-0.8110799257594163
"Standard video, nothing new.",-0.1659541066754616
"Awful content, waste of time.",-0.46409770881242707
This is brilliant! Love the creativity.,0.8855063139494335
"It's watchable, I guess.",0.059901556682748824
"Excellent work, this made my day better.",0.9505586743202044
"Stupid video, makes no sense.",-0.5623326371266766
Amazing content. I learned something new ‚Äî skincare,1.0
"Stupid video, makes no sense.",-0.3747391065731167
"Terrible quality, poorly made.",-0.5326764517149338
Awesome video! This is so good.,0.40188570582686134
"Beautiful and inspiring, thank you for sharing.",0.34338380295976806
"Okay video, nothing exciting.",0.22545706451095143
"Alright, but not amazing.",0.024285125770357685
"Worst video ever, completely boring.",-0.9641226997104938
"Decent content, not bad.",-0.2680817676173526
"Stupid video, makes no sense.",-0.49642027864490235
"Useless content, very disappointing.",-0.9513877201939356
"Absolutely fantastic content, really enjoyed watching this.",0.846771933651173
"Decent content, not bad.",0.09456270273325806
"Stupid video, makes no sense.",-0.351129918723591
This is gold. Very helpful ‚Äî budget meal,0.0
"Bad video, not worth watching.",-0.37843653424142165
"Okay video, nothing exciting.",0.03461648584748045
"Worst video ever, completely boring.",-0.898390285535815
"Absolutely fantastic content, really enjoyed watching this.",0.4161978776404162
Perfect! Exactly what I was looking for.,0.7686313115774865
"Average video, seen better.",-0.1169369200831051
"This is okay, nothing special.",-0.05789562771685475
Mixed feelings dance ü§Ø,0.0
Wonderful video! Great job on this.,0.9898750697781891
